rider_id,rider_area,rider_join_date
R1000,Pitampura,2024-01-28
R1001,Punjabi Bagh,2024-09-25
R1002,Rajouri Garden,2023-07-13
R1003,Pitampura,2024-05-31
R1004,Rohini,2023-01-29
R1005,Punjabi Bagh,2023-06-14
R1006,Punjabi Bagh,2024-02-26
R1007,Green Park,2023-12-05
R1008,Vasant Kunj,2024-10-09
R1009,Malviya Nagar,2024-05-10
R1010,Okhla,2023-12-31
R1011,Okhla,2023-12-08
R1012,Paschim Vihar,2024-05-14
R1013,Punjabi Bagh,2024-10-18
R1014,Shalimar Bagh,2024-05-25
R1015,Dwarka,2023-11-23
R1016,Karol Bagh,2023-08-05
R1017,Paschim Vihar,2023-10-28
R1018,Lajpat Nagar,2023-05-12
R1019,Hauz Khas,2023-03-11
R1020,Lajpat Nagar,2023-09-09
R1021,Tilak Nagar,2024-02-19
R1022,Janakpuri,2024-03-20
R1023,Mayur Vihar,2023-07-01
R1024,Tilak Nagar,2023-06-16
R1025,Hauz Khas,2023-04-01
R1026,Pitampura,2024-06-14
R1027,Shalimar Bagh,2023-02-08
R1028,Okhla,2023-05-06
R1029,Lajpat Nagar,2024-03-26
R1030,Punjabi Bagh,2023-06-22
R1031,Saket,2024-10-14
R1032,Okhla,2023-08-08
R1033,Dwarka,2024-09-29
R1034,Mayur Vihar,2023-02-27
R1035,Green Park,2024-10-21
R1036,Janakpuri,2024-04-20
R1037,Tilak Nagar,2024-03-31
R1038,Saket,2023-12-27
R1039,Janakpuri,2023-01-01
R1040,Pitampura,2024-01-22
R1041,Rajouri Garden,2023-12-14
R1042,Vasant Kunj,2023-07-09
R1043,Janakpuri,2024-05-19
R1044,Tilak Nagar,2023-07-10
R1045,Punjabi Bagh,2024-05-22
R1046,Pitampura,2024-01-04
R1047,Vasant Kunj,2024-02-13
R1048,Janakpuri,2023-04-27
R1049,Mayur Vihar,2023-05-14
R1050,Malviya Nagar,2023-02-27
R1051,Okhla,2024-07-09
R1052,Saket,2024-11-15
R1053,Mayur Vihar,2024-11-02
R1054,Saket,2023-06-22
R1055,Malviya Nagar,2023-05-29
R1056,Preet Vihar,2023-03-21
R1057,Tilak Nagar,2023-08-01
R1058,Okhla,2023-07-22
R1059,Preet Vihar,2023-08-17
R1060,Hauz Khas,2024-11-06
R1061,Okhla,2023-08-15
R1062,Preet Vihar,2024-10-20
R1063,Rohini,2024-06-15
R1064,Lajpat Nagar,2024-03-16
R1065,Hauz Khas,2024-02-06
R1066,Rohini,2023-02-16
R1067,Punjabi Bagh,2023-08-21
R1068,Saket,2023-11-01
R1069,Connaught Place,2024-06-09
R1070,Paschim Vihar,2023-05-23
R1071,Green Park,2024-02-19
R1072,Saket,2024-05-27
R1073,Dwarka,2024-01-08
R1074,Dwarka,2024-07-19
R1075,Rohini,2023-09-16
R1076,Karol Bagh,2024-10-17
R1077,Vasant Kunj,2024-04-15
R1078,Lajpat Nagar,2023-01-12
R1079,Hauz Khas,2023-11-26
R1080,Lajpat Nagar,2023-12-24
R1081,Hauz Khas,2024-02-12
R1082,Saket,2024-10-29
R1083,Punjabi Bagh,2024-01-08
R1084,Pitampura,2023-01-08
R1085,Rohini,2023-05-02
R1086,Malviya Nagar,2023-12-14
R1087,Karol Bagh,2024-11-06
R1088,Dwarka,2023-03-31
R1089,Punjabi Bagh,2024-10-09
R1090,Saket,2024-11-28
R1091,Dwarka,2023-11-12
R1092,Rohini,2023-06-27
R1093,Dwarka,2024-06-23
R1094,Karol Bagh,2023-02-10
R1095,Okhla,2024-05-16
R1096,Mayur Vihar,2023-05-25
R1097,Dwarka,2023-07-20
R1098,Rohini,2024-04-05
R1099,Karol Bagh,2024-07-11
R1100,Mayur Vihar,2024-06-30
R1101,Lajpat Nagar,2023-09-10
R1102,Hauz Khas,2024-01-25
R1103,Okhla,2024-08-16
R1104,Okhla,2023-09-13
R1105,Vasant Kunj,2024-03-25
R1106,Preet Vihar,2023-01-10
R1107,Paschim Vihar,2023-08-30
R1108,Lajpat Nagar,2023-09-08
R1109,Green Park,2023-01-05
R1110,Shalimar Bagh,2023-04-29
R1111,Janakpuri,2024-01-09
R1112,Karol Bagh,2023-03-06
R1113,Lajpat Nagar,2023-05-26
R1114,Preet Vihar,2023-08-12
R1115,Okhla,2023-08-27
R1116,Connaught Place,2023-06-26
R1117,Janakpuri,2023-10-09
R1118,Preet Vihar,2023-03-04
R1119,Lajpat Nagar,2023-08-05
R1120,Paschim Vihar,2024-11-19
R1121,Pitampura,2024-04-05
R1122,Vasant Kunj,2024-09-01
R1123,Preet Vihar,2023-04-15
R1124,Rajouri Garden,2023-04-09
R1125,Punjabi Bagh,2024-05-25
R1126,Punjabi Bagh,2024-01-20
R1127,Shalimar Bagh,2024-02-09
R1128,Connaught Place,2024-06-01
R1129,Lajpat Nagar,2024-04-20
R1130,Rohini,2024-10-06
R1131,Rohini,2024-03-12
R1132,Shalimar Bagh,2023-01-23
R1133,Preet Vihar,2024-07-18
R1134,Hauz Khas,2024-11-07
R1135,Dwarka,2024-04-02
R1136,Lajpat Nagar,2023-03-24
R1137,Rajouri Garden,2023-05-25
R1138,Saket,2023-03-26
R1139,Hauz Khas,2023-03-19
R1140,Karol Bagh,2024-04-01
R1141,Rohini,2023-01-01
R1142,Paschim Vihar,2023-02-20
R1143,Vasant Kunj,2024-11-15
R1144,Punjabi Bagh,2024-03-21
R1145,Okhla,2024-03-24
R1146,Hauz Khas,2024-05-02
R1147,Shalimar Bagh,2023-02-03
R1148,Green Park,2023-12-14
R1149,Green Park,2023-04-05
R1150,Shalimar Bagh,2023-03-13
R1151,Punjabi Bagh,2024-07-04
R1152,Lajpat Nagar,2023-06-03
R1153,Pitampura,2023-09-07
R1154,Dwarka,2024-11-04
R1155,Green Park,2024-03-13
R1156,Karol Bagh,2023-04-28
R1157,Green Park,2023-11-02
R1158,Green Park,2023-09-25
R1159,Green Park,2023-02-23
R1160,Pitampura,2023-08-24
R1161,Pitampura,2024-01-24
R1162,Karol Bagh,2024-02-05
R1163,Rohini,2024-09-15
R1164,Rohini,2023-10-30
R1165,Paschim Vihar,2023-07-26
R1166,Pitampura,2023-08-17
R1167,Punjabi Bagh,2024-07-31
R1168,Rajouri Garden,2023-03-16
R1169,Janakpuri,2024-03-10
R1170,Connaught Place,2023-04-13
R1171,Green Park,2024-02-26
R1172,Rajouri Garden,2023-11-02
R1173,Karol Bagh,2023-04-08
R1174,Shalimar Bagh,2023-12-01
R1175,Pitampura,2024-03-10
R1176,Rajouri Garden,2024-03-22
R1177,Connaught Place,2023-11-04
R1178,Malviya Nagar,2023-09-06
R1179,Malviya Nagar,2023-06-15
R1180,Rohini,2024-04-25
R1181,Hauz Khas,2023-12-01
R1182,Rajouri Garden,2024-06-25
R1183,Malviya Nagar,2023-04-16
R1184,Dwarka,2024-07-16
R1185,Shalimar Bagh,2023-03-22
R1186,Janakpuri,2023-05-13
R1187,Paschim Vihar,2023-05-18
R1188,Dwarka,2023-07-03
R1189,Paschim Vihar,2024-02-05
R1190,Shalimar Bagh,2023-11-26
R1191,Lajpat Nagar,2024-05-22
R1192,Shalimar Bagh,2023-03-10
R1193,Hauz Khas,2024-06-29
R1194,Rohini,2023-02-22
R1195,Saket,2024-03-25
R1196,Lajpat Nagar,2023-07-24
R1197,Tilak Nagar,2023-05-06
R1198,Saket,2023-02-12
R1199,Rohini,2023-04-21
R1200,Connaught Place,2024-10-24
R1201,Tilak Nagar,2023-07-02
R1202,Vasant Kunj,2023-04-05
R1203,Dwarka,2024-01-09
R1204,Lajpat Nagar,2024-06-03
R1205,Malviya Nagar,2023-12-26
R1206,Malviya Nagar,2024-11-26
R1207,Shalimar Bagh,2023-10-08
R1208,Green Park,2023-07-14
R1209,Pitampura,2023-07-14
R1210,Rohini,2024-10-28
R1211,Malviya Nagar,2023-04-03
R1212,Punjabi Bagh,2024-11-02
R1213,Karol Bagh,2023-03-02
R1214,Karol Bagh,2024-09-25
R1215,Hauz Khas,2023-02-20
R1216,Hauz Khas,2024-02-07
R1217,Dwarka,2023-01-05
R1218,Paschim Vihar,2024-04-10
R1219,Malviya Nagar,2024-08-26
R1220,Malviya Nagar,2024-11-12
R1221,Dwarka,2024-06-17
R1222,Shalimar Bagh,2024-02-09
R1223,Rohini,2024-05-27
R1224,Shalimar Bagh,2024-10-06
R1225,Connaught Place,2023-08-21
R1226,Green Park,2024-06-07
R1227,Saket,2023-12-12
R1228,Janakpuri,2023-02-15
R1229,Rajouri Garden,2024-06-29
R1230,Saket,2023-03-19
R1231,Shalimar Bagh,2023-03-14
R1232,Dwarka,2023-09-06
R1233,Malviya Nagar,2023-02-16
R1234,Dwarka,2023-05-01
R1235,Tilak Nagar,2023-08-02
R1236,Mayur Vihar,2023-08-27
R1237,Tilak Nagar,2023-02-25
R1238,Pitampura,2023-12-16
R1239,Dwarka,2023-04-17
R1240,Malviya Nagar,2023-02-17
R1241,Hauz Khas,2024-07-26
R1242,Janakpuri,2023-12-03
R1243,Rohini,2023-01-26
R1244,Janakpuri,2023-09-14
R1245,Rohini,2023-01-08
R1246,Mayur Vihar,2024-09-16
R1247,Malviya Nagar,2023-09-10
R1248,Shalimar Bagh,2024-11-22
R1249,Saket,2023-10-30
R1250,Lajpat Nagar,2024-09-30
R1251,Dwarka,2023-02-25
R1252,Green Park,2024-06-09
R1253,Rohini,2024-04-18
R1254,Malviya Nagar,2023-01-28
R1255,Punjabi Bagh,2023-03-19
R1256,Paschim Vihar,2023-08-04
R1257,Mayur Vihar,2024-01-21
R1258,Rajouri Garden,2023-12-31
R1259,Rajouri Garden,2024-10-27
R1260,Preet Vihar,2024-06-09
R1261,Paschim Vihar,2024-11-29
R1262,Saket,2023-11-08
R1263,Pitampura,2023-01-07
R1264,Rohini,2023-01-03
R1265,Okhla,2024-09-14
R1266,Rohini,2023-12-29
R1267,Karol Bagh,2024-05-22
R1268,Malviya Nagar,2023-10-01
R1269,Paschim Vihar,2024-05-20
R1270,Janakpuri,2023-01-15
R1271,Dwarka,2023-07-11
R1272,Green Park,2024-09-22
R1273,Green Park,2024-04-29
R1274,Punjabi Bagh,2023-01-28
R1275,Mayur Vihar,2023-02-08
R1276,Rajouri Garden,2023-09-30
R1277,Dwarka,2023-08-19
R1278,Hauz Khas,2023-03-27
R1279,Karol Bagh,2024-04-18
R1280,Green Park,2023-05-06
R1281,Mayur Vihar,2024-06-20
R1282,Dwarka,2023-05-25
R1283,Rohini,2024-06-08
R1284,Shalimar Bagh,2023-07-31
R1285,Rohini,2023-01-25
R1286,Dwarka,2024-08-02
R1287,Tilak Nagar,2024-01-29
R1288,Vasant Kunj,2023-03-08
R1289,Dwarka,2023-08-21
R1290,Saket,2023-04-19
R1291,Mayur Vihar,2023-05-26
R1292,Tilak Nagar,2023-04-21
R1293,Okhla,2023-08-16
R1294,Pitampura,2023-04-21
R1295,Vasant Kunj,2024-04-14
R1296,Pitampura,2023-02-03
R1297,Green Park,2024-09-14
R1298,Saket,2024-01-04
R1299,Rohini,2024-08-17
R1300,Hauz Khas,2024-07-07
R1301,Connaught Place,2024-02-29
R1302,Malviya Nagar,2024-09-04
R1303,Lajpat Nagar,2024-06-01
R1304,Vasant Kunj,2024-11-22
R1305,Dwarka,2023-10-09
R1306,Tilak Nagar,2023-11-16
R1307,Preet Vihar,2024-03-18
R1308,Lajpat Nagar,2023-11-11
R1309,Janakpuri,2024-01-12
R1310,Preet Vihar,2023-10-16
R1311,Shalimar Bagh,2024-03-12
R1312,Rohini,2024-10-23
R1313,Saket,2023-10-04
R1314,Mayur Vihar,2024-08-04
R1315,Malviya Nagar,2024-05-17
R1316,Mayur Vihar,2024-09-15
R1317,Punjabi Bagh,2024-05-30
R1318,Paschim Vihar,2023-12-16
R1319,Okhla,2024-03-21
R1320,Pitampura,2023-12-16
R1321,Pitampura,2024-08-29
R1322,Paschim Vihar,2024-10-25
R1323,Green Park,2023-05-17
R1324,Shalimar Bagh,2023-08-31
R1325,Vasant Kunj,2024-06-26
R1326,Rajouri Garden,2023-02-09
R1327,Okhla,2023-08-17
R1328,Connaught Place,2024-07-01
R1329,Karol Bagh,2023-08-11
R1330,Rohini,2023-01-06
R1331,Saket,2023-11-18
R1332,Punjabi Bagh,2024-04-12
R1333,Punjabi Bagh,2023-03-16
R1334,Karol Bagh,2023-01-04
R1335,Lajpat Nagar,2024-10-07
R1336,Janakpuri,2023-04-28
R1337,Rajouri Garden,2024-08-28
R1338,Preet Vihar,2024-05-18
R1339,Shalimar Bagh,2024-07-27
R1340,Okhla,2024-03-16
R1341,Dwarka,2023-07-13
R1342,Saket,2024-01-27
R1343,Shalimar Bagh,2023-01-26
R1344,Malviya Nagar,2024-03-10
R1345,Preet Vihar,2023-06-22
R1346,Tilak Nagar,2023-10-27
R1347,Vasant Kunj,2024-10-06
R1348,Paschim Vihar,2023-11-22
R1349,Green Park,2024-02-14
R1350,Paschim Vihar,2023-04-28
R1351,Karol Bagh,2023-08-13
R1352,Hauz Khas,2024-06-15
R1353,Punjabi Bagh,2023-04-23
R1354,Rohini,2023-05-20
R1355,Rohini,2024-07-12
R1356,Okhla,2023-01-01
R1357,Pitampura,2023-03-31
R1358,Malviya Nagar,2024-10-15
R1359,Saket,2023-11-16
R1360,Preet Vihar,2024-07-03
R1361,Rohini,2023-05-19
R1362,Malviya Nagar,2024-05-25
R1363,Lajpat Nagar,2023-09-16
R1364,Karol Bagh,2024-11-03
R1365,Dwarka,2024-11-20
R1366,Punjabi Bagh,2023-01-10
R1367,Malviya Nagar,2023-09-18
R1368,Paschim Vihar,2024-10-11
R1369,Karol Bagh,2023-06-21
R1370,Mayur Vihar,2023-01-13
R1371,Karol Bagh,2023-06-17
R1372,Okhla,2024-10-03
R1373,Green Park,2024-08-18
R1374,Mayur Vihar,2023-11-17
R1375,Shalimar Bagh,2023-11-15
R1376,Karol Bagh,2024-09-04
R1377,Punjabi Bagh,2023-11-25
R1378,Malviya Nagar,2024-07-03
R1379,Malviya Nagar,2024-02-23
R1380,Lajpat Nagar,2024-08-28
R1381,Janakpuri,2023-04-05
R1382,Rohini,2024-08-03
R1383,Karol Bagh,2023-11-14
R1384,Vasant Kunj,2023-08-24
R1385,Karol Bagh,2023-11-30
R1386,Janakpuri,2024-01-11
R1387,Pitampura,2024-04-03
R1388,Shalimar Bagh,2023-05-17
R1389,Vasant Kunj,2024-08-10
R1390,Paschim Vihar,2024-06-30
R1391,Rohini,2024-05-27
R1392,Karol Bagh,2023-10-23
R1393,Preet Vihar,2023-11-16
R1394,Janakpuri,2024-07-25
R1395,Malviya Nagar,2023-12-15
R1396,Malviya Nagar,2023-08-17
R1397,Pitampura,2023-09-27
R1398,Green Park,2023-10-18
R1399,Shalimar Bagh,2023-06-14
R1400,Punjabi Bagh,2023-01-05
R1401,Tilak Nagar,2024-01-14
R1402,Dwarka,2023-03-19
R1403,Rohini,2024-02-14
R1404,Rohini,2024-07-27
R1405,Paschim Vihar,2023-05-12
R1406,Connaught Place,2024-08-23
R1407,Karol Bagh,2023-02-11
R1408,Punjabi Bagh,2023-03-30
R1409,Dwarka,2024-02-06
R1410,Rohini,2023-10-23
R1411,Rohini,2023-10-22
R1412,Saket,2024-09-07
R1413,Vasant Kunj,2024-06-09
R1414,Connaught Place,2024-11-21
R1415,Punjabi Bagh,2024-09-28
R1416,Preet Vihar,2024-02-26
R1417,Punjabi Bagh,2023-01-23
R1418,Mayur Vihar,2024-07-28
R1419,Pitampura,2023-05-23
R1420,Paschim Vihar,2024-10-26
R1421,Tilak Nagar,2023-05-25
R1422,Dwarka,2023-08-13
R1423,Green Park,2024-05-17
R1424,Saket,2024-09-07
R1425,Vasant Kunj,2023-04-14
R1426,Pitampura,2023-02-08
R1427,Paschim Vihar,2023-07-17
R1428,Hauz Khas,2024-10-07
R1429,Lajpat Nagar,2024-08-01
R1430,Janakpuri,2024-01-26
R1431,Tilak Nagar,2023-06-28
R1432,Preet Vihar,2024-07-07
R1433,Connaught Place,2024-03-23
R1434,Janakpuri,2024-05-14
R1435,Janakpuri,2023-01-15
R1436,Vasant Kunj,2024-09-14
R1437,Karol Bagh,2024-10-30
R1438,Hauz Khas,2023-10-16
R1439,Dwarka,2024-04-22
R1440,Green Park,2023-08-19
R1441,Dwarka,2024-02-24
R1442,Malviya Nagar,2023-06-06
R1443,Janakpuri,2024-07-03
R1444,Tilak Nagar,2024-03-16
R1445,Green Park,2023-04-07
R1446,Lajpat Nagar,2024-02-15
R1447,Karol Bagh,2023-10-16
R1448,Punjabi Bagh,2023-09-11
R1449,Green Park,2023-07-15
R1450,Preet Vihar,2024-08-20
R1451,Dwarka,2024-06-05
R1452,Hauz Khas,2024-05-31
R1453,Green Park,2024-09-26
R1454,Green Park,2023-04-28
R1455,Shalimar Bagh,2023-06-08
R1456,Malviya Nagar,2023-08-16
R1457,Preet Vihar,2023-08-04
R1458,Paschim Vihar,2024-11-26
R1459,Green Park,2023-01-15
R1460,Janakpuri,2023-06-06
R1461,Punjabi Bagh,2024-10-09
R1462,Hauz Khas,2023-09-18
R1463,Paschim Vihar,2023-06-06
R1464,Punjabi Bagh,2023-02-16
R1465,Hauz Khas,2023-11-20
R1466,Lajpat Nagar,2024-11-15
R1467,Mayur Vihar,2023-05-10
R1468,Shalimar Bagh,2024-02-15
R1469,Paschim Vihar,2023-04-05
R1470,Okhla,2024-09-18
R1471,Malviya Nagar,2023-10-19
R1472,Karol Bagh,2023-10-10
R1473,Dwarka,2023-03-10
R1474,Punjabi Bagh,2024-10-21
R1475,Shalimar Bagh,2023-01-11
R1476,Janakpuri,2023-09-11
R1477,Malviya Nagar,2024-07-03
R1478,Lajpat Nagar,2023-05-14
R1479,Preet Vihar,2023-01-23
R1480,Vasant Kunj,2023-12-12
R1481,Lajpat Nagar,2023-10-29
R1482,Mayur Vihar,2023-12-29
R1483,Karol Bagh,2024-01-31
R1484,Dwarka,2023-08-06
R1485,Connaught Place,2023-05-21
R1486,Connaught Place,2024-09-07
R1487,Tilak Nagar,2023-07-29
R1488,Okhla,2024-09-14
R1489,Punjabi Bagh,2024-09-07
R1490,Hauz Khas,2024-11-13
R1491,Vasant Kunj,2024-04-04
R1492,Punjabi Bagh,2023-12-22
R1493,Green Park,2023-11-20
R1494,Rajouri Garden,2023-05-13
R1495,Lajpat Nagar,2023-05-07
R1496,Mayur Vihar,2023-04-16
R1497,Preet Vihar,2024-08-26
R1498,Saket,2024-01-13
R1499,Vasant Kunj,2023-02-20
